book_id,book_name,cluster_label,pca_x,pca_y
53cc6441c57f5741,反派：我收女徒弟多子多福就变强,6,0.07747419699880627,0.33631152495324096
584db104ea2a1925,中状元就休妻，凤凰男我不伺候了,7,0.06494792778679312,-0.05611541658090066
0a766a6afee99324,我在狐妖小红娘世界肝经验,6,0.01691955306508376,0.3142872853230945
e548409dea701706,快穿：系统让我帮反派女配逆袭,7,-0.05354969994656594,-0.021371116141982643
c23ea139460eb950,强帝传说,7,0.03938251135489105,-0.01808112651214182
8fc217732ba245d6,团宠：皇后娘娘请安分,1,0.1491702558493991,-0.08244052551615157
1cdf21416fe94ed4,原神：离开暗之外海遇到雷电将军,2,-0.08969217591377464,-0.09272905073281608
05156854c22aa3b4,医道官途，从省保健局崛起！,2,0.07507379723011659,-0.04570769424518395
44c69c66fb2df1cf,白纸与喜欢,5,0.0385120954440055,-0.1019527358524854
bede488bc07dbafb,人在书中，我大反派的人设崩了,7,-0.05565172827887497,0.12282694801256144
87751f518c945e09,云顶之弈：开局学费被骗,3,-0.1386629909971371,-0.013924132266683426
db79ba40e9c241a9,原神：人在提瓦特，贴贴就能变强,1,-0.055348991940697485,0.06765425782433306
542ca25cad1c37fd,开局：我有重瞳仙骨混沌道体,7,-0.023789990509763735,0.030740677158935803
067d8b47dadba5c0,快穿之给病娇反派送个吻,2,0.0687708411770858,-0.11134725862572825
ca4104938a37a013,重生：影后姐姐是无良女生贼凶了,5,0.04410515283481493,-0.07092894279648429
32bf58ba6f9c1360,主母日常,4,0.20878568102550554,-0.15448605292510278
9c52436c028d9685,崩坏，我在前文明,1,-0.00024858633867450806,-0.07540164565639204
c2781e6fc516b743,病弱少女在璃月港的日常,4,-0.057595789663930225,-0.019815947341483845
f5127babf99d9014,异兽迷城,4,-0.06277724045843006,-0.015926943462398133
f19dc8081f5acd6f,规则怪谈：开局替室友照顾女友,2,0.06239896771831151,0.006915582943028123
4b0e12bd3d84da51,我孙悟空无敌2彼岸世界,6,0.12320130507400788,0.5009165489825603
7b7c611e09fd6750,奈落的伴侣_7205222645887929377,1,-0.04321132034898565,-0.025313606174436374
c318e8ec71b8a62f,天命赊刀人,2,0.09433796513629195,-0.13230056200611034
6c73056375739c8e,百妖谱,2,-0.01729031426732657,-0.05234365650951796
8a0a0648c2ed7ca9,春日烈阳,5,-0.007299252752341399,-0.04535956824645505
6d70c8b6ef0a0441,我妻世界,2,0.018763384450849508,-0.0918570572986873
0dae7d016f3443f8,大明：我最强皇孙，请老朱退位,1,0.0803075037229966,-0.03695496059130223
b455c1793d107f1f,开局瞎子，我让校花愧疚一辈子,7,-0.034139666584515144,0.04105868062055858
939309df27b0ae3d,星穹铁道：流明,2,0.06127351762216014,-0.09656898325985336
9f770ee5066eace4,原神：短视频席卷提瓦特众人皆叹,2,-0.11473642066419773,0.00666503748188715
70d0c42325f86f12,原神，愚人众零席执行官,4,-0.10850985042394673,0.01804818253720067
eea10c595411034d,海贼：从俘获海军女神开始无敌,1,-0.06943361071695069,0.041083944909575704
f43f4fc21d749460,原神：开局纯度直接拉满,4,-0.1692434126098519,0.09477391486840929
07ffde3ac7e84c82,柯南之落地满声望,1,0.053776845984165475,-0.053450662452577374
94be1d0046886e6e,最强学霸系统,5,-0.01333787401005755,-0.03609114930193151
106fa72c1ca14a29,我一小圣子，竟被魔教女帝看上？,7,-0.07285078698360473,0.026255371183858137
157f94bd2e27ab2a,仙侠登录器：重生归来立道统,6,0.0975251147527164,0.36591549400391127
b9ae6e620ebdc59d,诱吻小月亮,0,0.09027262063766933,-0.0014362780159709345
e89392a41cb71c3f,龙珠超：曝光！我是超级赛亚人,1,-0.06905177462350717,0.03791403925646637
774cbf278ac5ce67,叶罗丽：我们才不当炮灰,0,0.09947830857459752,-0.02408736675419813
66309eb44ba4ffee,洪荒：重生时间魔神三个系统联动,7,-0.09892538566313382,0.028423888772165257
40124ba5bdad3827,分手你提的，我京少身份曝光哭啥,7,-0.15195207095451493,-0.029214303617133557
9d8eed3ddc0e34a3,我的老婆一万岁,4,0.39071012620634776,0.25877185126748387
16481c19b6074378,柯哀校园录,7,-0.200408572317373,0.08451209054571719
bdbb9dca4e785089,小可怜是万人嫌，反派们带她发疯,0,0.21595907364359138,0.158824322378992
daa242ed4dbcb5e6,全球神祇时代：科技教派崛起,7,0.05871705593162511,-0.06217076738087729
5c02b764f35686db,以武登仙：从武侠开始的无敌路,6,0.10105696676065277,0.09649049776919592
f43c04ae6f2c51e5,御兽：我在御兽世界开盲盒,3,-0.12316862762158447,0.06779178691611235
1b7ab2b4b9d2de03,我的少年他爱我十数年,1,0.03497581592557601,-0.09161323557278288
ec089f57fa247d1b,刑法中的同意制度：从性侵犯罪谈起,7,0.14102005604280118,-0.08666632828552066
5aa72cc8380cd0ed,快穿之远离渣男后我被反派宠上天,7,0.00907775404079474,-0.05862858917148619
50fea307f222d8e7,原神：我，草神眷属，是个好人,1,-0.14396398470816155,0.017861165138770216
9f77a8719d2c3988,海贼：从推进城开始,7,-0.05027941338593437,-0.008250217915333168
a7e0dfc0ac20b028,我嫁给了游戏,7,-0.12195358428907456,-0.021297574965884372
f4527ed3505270fa,让你建设星球，没让你养异种族娘,7,-0.125229500828815,-0.011887945187722694
16e3d1fe08b14a1b,栩栩若生,4,0.04272750281829935,-0.11775680933713327
7ffc371bfc4a9abb,夭寿啦！老祖宗你还有多少前女友,7,-0.0265299418464712,-0.033451141324080176
551861468d2fbe4a,死后，病娇女反派全找上门了,7,-0.01953317527984356,-0.04337746178511999
0cabbd380654c598,末日：我带着女神校花环游世界,7,-0.19516131307107093,0.0661484006113725
ec2574e84cba58d9,开局坑吴夑，竟被小哥拉去盗墓,3,0.08968430233674823,-0.08454576743725394
058912a60984b270,我儿明明是纨绔，咋成帝国之虎了,3,0.018613700952375994,-0.08168033546966783
0320671657619b5a,全贵族学院听我心声后，宠疯我,5,0.02328247790935046,-0.05502279077567686
2c135803b658199c,女扮男装后，我成了男寝的小团宠,7,-0.18586158763331778,0.09280074440701863
38072195c53929e1,黑莲花重生后，把全宗门祭天了,7,0.21272891817219713,0.16769932945786306
608b12c38b1ff23b,快穿：穿进虐文后宿主手撕全世界,1,0.05889819636271513,-0.08951403288351945
97090033a19f340e,失业后，被宝藏女孩捡回家,1,-0.09486741969758644,-0.03617645673587139
f9206f8e1f78cc42,诸天礼包：从一拳超人开始,7,-0.11585994725098785,0.2726190359736443
0c839abe0f3333e3,海上求生：我的木筏通桃源,7,-0.05152387756805307,0.0004136858960074763
94912b744f0f67a9,我和闺蜜带着金手指身穿古代,5,0.09828373116084392,-0.11609544848385632
c39f43d6ab9a2cbd,异世界漫游手册,4,-0.026701531170816743,-0.08886542921557639
75fd776242c2f327,新还珠格格之永燕篇,7,0.15377082586995633,-0.13861199511015512
703c349d653419d3,偷脸,1,0.10622425520425229,-0.06801087573743614
a471118cf59dad21,御舰飞仙：我在玄幻当舰修,1,0.07824975050823665,-0.052119941184867444
def6ebf7810b2df2,人在修仙界，我苟成了修仙大佬,7,-0.0815130365441107,0.0466784298452393
76377bc0b1941d54,摊上清冷仙子师尊怎么办？,7,0.43959306130232445,0.2679641955375903
aea484d841329b3a,狐妖：负我琴声，伴我长生,7,-0.1686116869829633,0.05348876245614261
9d1b5b5edbeb108a,我反派，不按剧情出牌，选择摆烂,5,-0.021466837253497885,0.033738513719502906
f8d59d4a72642cf4,全民：随机婚配，我能看见提示！,7,-0.1340047495362922,0.0006220146960434884
870ed377b94a3840,开局对弈失败，但没说要变魅魔啊,7,-0.29194967832238117,0.02998493991591109
34b6b4ae05d25735,摄政王的病娇娇是大佬,4,0.21260012891309035,-0.14350429484050167
8a6f2b1ee2fa6aa7,开局抽女帝，把把抽女帝,7,0.12048357897257991,-0.08894719405544411
ba14cdecb49d89e6,重生天灾：囤货求活不好惹,2,0.05544012390401114,-0.1178945458344073
80a4f76eb4b52ad6,灵气复苏：我，逢赌必赢,3,-0.021947741767096622,-0.035425652966931315
1f633c96355e38f8,误入星神群，被阿哈拐走当令使,4,-0.11910802532937113,0.024505262401767217
00f7722344145247,在修真界当卷王,4,-0.09472202400904121,0.04469399941024179
c0af84219a0e44ec,我不是戏神_7276384138653862966.1,2,0.036452557460817284,-0.04184436929882491
0294272f34e501d6,怀孕后，禁欲佛子抱着娇妻狠狠宠,5,0.16670308593056268,-0.16744479129393358
9dad428919833f7f,成全别人？不如成全自己,5,0.01570864917532156,-0.13674298592534884
baaf2e93aeb76a77,系统让我攻略神明？反手攻略系统,7,-0.09275300753844616,-0.06661106621636013
7627fddf4374b8a3,物语系列：伤物语,7,-0.18876544568180723,0.037874436793293144
2c1c73b9bb7e5433,柯学世界生存手册,5,-0.03060794426232653,-0.01396875799172647
8be93e813191010e,开金钱挂的我只想苟,2,0.045259667303061135,-0.014656438573358672
9125128b324fe8f8,因为长得太帅所以每天都被告白,7,0.06244547689653022,-0.010073335059572305
1dcaae9671409b14,铠甲：我暗黑帝皇！未婚妻是敏慈,7,-0.27403232157124646,0.09944942018770381
5445fb3fec542ceb,重生为蛇：开枝散叶，彻底疯狂,2,-0.04467557030606717,-0.05272921993287233
3189b4d4a37378ef,原神之开局成为雷电将军贴身忍者,1,-0.07378997819440453,0.03844483720705217
5677f55574338e61,位面穿越之旅,7,0.040762903483586535,-0.15432447610554514
27fd4624d19cedcd,反派：小丧尸，再啃就不礼貌了,1,0.06663589392462997,-0.05839629492856717
aa0008d8367bd26a,大唐：开局挟持李二，震惊天下！,3,0.008527348738543945,-0.07193384797928952
5aef5e4053b0a2ed,天崩开局，从死囚营砍到并肩王,1,-0.04278107367276725,0.024278056482161893
